{
  "D2_W32": {
    "depth": 2,
    "width": 32,
    "n_params": 1186,
    "final_adam_loss": 0.04411085695028305,
    "final_lbfgs_loss": 0.04410773515701294,
    "final_f_loss": 0.04073639586567879,
    "final_bc_loss": 0.0033713404554873705,
    "final_time_power": 0.2423299103975296,
    "time_seconds": 128.41454005241394,
    "model_path": "/home/featurize/re/PKN_comprehensive/PKN_final/sensitivity/pkn_pinn_D2_W32.pth",
    "loss_history_path": "/home/featurize/re/PKN_comprehensive/PKN_final/sensitivity/loss_history_D2_W32.json",
    "status": "completed"
  },
  "D2_W64": {
    "depth": 2,
    "width": 64,
    "n_params": 4418,
    "final_adam_loss": 0.04409809410572052,
    "final_lbfgs_loss": 0.009030316025018692,
    "final_f_loss": 0.005923878867179155,
    "final_bc_loss": 0.0031064371578395367,
    "final_time_power": 0.24864508211612701,
    "time_seconds": 357.9013674259186,
    "model_path": "/home/featurize/re/PKN_comprehensive/PKN_final/sensitivity/pkn_pinn_D2_W64.pth",
    "loss_history_path": "/home/featurize/re/PKN_comprehensive/PKN_final/sensitivity/loss_history_D2_W64.json",
    "status": "completed"
  },
  "D2_W128": {
    "depth": 2,
    "width": 128,
    "n_params": 17026,
    "final_adam_loss": 0.05011053383350372,
    "final_lbfgs_loss": 0.010523039847612381,
    "final_f_loss": 0.0074445768259465694,
    "final_bc_loss": 0.003078462788835168,
    "final_time_power": 0.24927759170532227,
    "time_seconds": 339.825012922287,
    "model_path": "/home/featurize/re/PKN_comprehensive/PKN_final/sensitivity/pkn_pinn_D2_W128.pth",
    "loss_history_path": "/home/featurize/re/PKN_comprehensive/PKN_final/sensitivity/loss_history_D2_W128.json",
    "status": "completed"
  },
  "D2_W256": {
    "depth": 2,
    "width": 256,
    "n_params": 66818,
    "final_adam_loss": 0.037397049367427826,
    "final_lbfgs_loss": 0.008915243670344353,
    "final_f_loss": 0.005847292020916939,
    "final_bc_loss": 0.0030679518822580576,
    "final_time_power": 0.2514902651309967,
    "time_seconds": 350.22644805908203,
    "model_path": "/home/featurize/re/PKN_comprehensive/PKN_final/sensitivity/pkn_pinn_D2_W256.pth",
    "loss_history_path": "/home/featurize/re/PKN_comprehensive/PKN_final/sensitivity/loss_history_D2_W256.json",
    "status": "completed"
  },
  "D2_W512": {
    "depth": 2,
    "width": 512,
    "n_params": 264706,
    "final_adam_loss": 0.031358979642391205,
    "final_lbfgs_loss": 0.03124663606286049,
    "final_f_loss": 0.028101610019803047,
    "final_bc_loss": 0.0031450269743800163,
    "final_time_power": 0.24351872503757477,
    "time_seconds": 236.5714235305786,
    "model_path": "/home/featurize/re/PKN_comprehensive/PKN_final/sensitivity/pkn_pinn_D2_W512.pth",
    "loss_history_path": "/home/featurize/re/PKN_comprehensive/PKN_final/sensitivity/loss_history_D2_W512.json",
    "status": "completed"
  },
  "D3_W32": {
    "depth": 3,
    "width": 32,
    "n_params": 2242,
    "final_adam_loss": 0.024979228153824806,
    "final_lbfgs_loss": 0.024977127090096474,
    "final_f_loss": 0.021821772679686546,
    "final_bc_loss": 0.003155354643240571,
    "final_time_power": 0.24765223264694214,
    "time_seconds": 140.12854623794556,
    "model_path": "/home/featurize/re/PKN_comprehensive/PKN_final/sensitivity/pkn_pinn_D3_W32.pth",
    "loss_history_path": "/home/featurize/re/PKN_comprehensive/PKN_final/sensitivity/loss_history_D3_W32.json",
    "status": "completed"
  },
  "D3_W64": {
    "depth": 3,
    "width": 64,
    "n_params": 8578,
    "final_adam_loss": 0.02635250985622406,
    "final_lbfgs_loss": 0.005021065007895231,
    "final_f_loss": 0.0019474492873996496,
    "final_bc_loss": 0.0030736157204955816,
    "final_time_power": 0.2516627907752991,
    "time_seconds": 425.22178411483765,
    "model_path": "/home/featurize/re/PKN_comprehensive/PKN_final/sensitivity/pkn_pinn_D3_W64.pth",
    "loss_history_path": "/home/featurize/re/PKN_comprehensive/PKN_final/sensitivity/loss_history_D3_W64.json",
    "status": "completed"
  },
  "D3_W128": {
    "depth": 3,
    "width": 128,
    "n_params": 33538,
    "final_adam_loss": 0.023206695914268494,
    "final_lbfgs_loss": 0.005000980570912361,
    "final_f_loss": 0.0019321597646921873,
    "final_bc_loss": 0.003068820806220174,
    "final_time_power": 0.24991640448570251,
    "time_seconds": 542.8373489379883,
    "model_path": "/home/featurize/re/PKN_comprehensive/PKN_final/sensitivity/pkn_pinn_D3_W128.pth",
    "loss_history_path": "/home/featurize/re/PKN_comprehensive/PKN_final/sensitivity/loss_history_D3_W128.json",
    "status": "completed"
  },
  "D3_W256": {
    "depth": 3,
    "width": 256,
    "n_params": 132610,
    "final_adam_loss": 0.013965265825390816,
    "final_lbfgs_loss": 0.005575704388320446,
    "final_f_loss": 0.002501244191080332,
    "final_bc_loss": 0.003074460197240114,
    "final_time_power": 0.2491014301776886,
    "time_seconds": 543.499639749527,
    "model_path": "/home/featurize/re/PKN_comprehensive/PKN_final/sensitivity/pkn_pinn_D3_W256.pth",
    "loss_history_path": "/home/featurize/re/PKN_comprehensive/PKN_final/sensitivity/loss_history_D3_W256.json",
    "status": "completed"
  },
  "D3_W512": {
    "depth": 3,
    "width": 512,
    "n_params": 527362,
    "final_adam_loss": 0.01377625297755003,
    "final_lbfgs_loss": 0.006287630647420883,
    "final_f_loss": 0.0032187686301767826,
    "final_bc_loss": 0.0030688620172441006,
    "final_time_power": 0.24948951601982117,
    "time_seconds": 884.4426460266113,
    "model_path": "/home/featurize/re/PKN_comprehensive/PKN_final/sensitivity/pkn_pinn_D3_W512.pth",
    "loss_history_path": "/home/featurize/re/PKN_comprehensive/PKN_final/sensitivity/loss_history_D3_W512.json",
    "status": "completed"
  },
  "D4_W32": {
    "depth": 4,
    "width": 32,
    "n_params": 3298,
    "final_adam_loss": 0.022790275514125824,
    "final_lbfgs_loss": 0.005169440992176533,
    "final_f_loss": 0.0020895362831652164,
    "final_bc_loss": 0.0030799047090113163,
    "final_time_power": 0.25781840085983276,
    "time_seconds": 537.4078366756439,
    "model_path": "/home/featurize/re/PKN_comprehensive/PKN_final/sensitivity/pkn_pinn_D4_W32.pth",
    "loss_history_path": "/home/featurize/re/PKN_comprehensive/PKN_final/sensitivity/loss_history_D4_W32.json",
    "status": "completed"
  },
  "D4_W64": {
    "depth": 4,
    "width": 64,
    "n_params": 12738,
    "final_adam_loss": 0.01629648730158806,
    "final_lbfgs_loss": 0.004710500128567219,
    "final_f_loss": 0.0016370181692764163,
    "final_bc_loss": 0.0030734820757061243,
    "final_time_power": 0.25355666875839233,
    "time_seconds": 449.92445039749146,
    "model_path": "/home/featurize/re/PKN_comprehensive/PKN_final/sensitivity/pkn_pinn_D4_W64.pth",
    "loss_history_path": "/home/featurize/re/PKN_comprehensive/PKN_final/sensitivity/loss_history_D4_W64.json",
    "status": "completed"
  },
  "D4_W128": {
    "depth": 4,
    "width": 128,
    "n_params": 50050,
    "final_adam_loss": 0.01423841342329979,
    "final_lbfgs_loss": 0.005097358487546444,
    "final_f_loss": 0.00201563723385334,
    "final_bc_loss": 0.0030817214865237474,
    "final_time_power": 0.25526803731918335,
    "time_seconds": 519.9094846248627,
    "model_path": "/home/featurize/re/PKN_comprehensive/PKN_final/sensitivity/pkn_pinn_D4_W128.pth",
    "loss_history_path": "/home/featurize/re/PKN_comprehensive/PKN_final/sensitivity/loss_history_D4_W128.json",
    "status": "completed"
  },
  "D4_W256": {
    "depth": 4,
    "width": 256,
    "n_params": 198402,
    "final_adam_loss": 0.010365268215537071,
    "final_lbfgs_loss": 0.00471916887909174,
    "final_f_loss": 0.001650686259381473,
    "final_bc_loss": 0.0030684825032949448,
    "final_time_power": 0.2528030574321747,
    "time_seconds": 676.6159961223602,
    "model_path": "/home/featurize/re/PKN_comprehensive/PKN_final/sensitivity/pkn_pinn_D4_W256.pth",